Workbook

Sheet Leia-me
A1: MASP — análise acadêmica
A2: Planilha elaborada com dados, custos e resultados sintéticos.
A4: 1. Finalidade e natureza sintética
A5: Finalidade | C5: Apresentar indicadores de prazo, distribuição de ocorrências e estimativas de custo no contexto do MASP.
A6: Natureza | C6: Análise acadêmica baseada exclusivamente em dados fictícios, sem vínculo com uma empresa ou operação real.
A7: Unidade de análise | C7: Cada evento de recebimento constitui uma unidade de análise e é contado uma única vez.
A9: 2. Recorte, corte temporal e prazo
A10: Data de corte (UTC) | C10: 45748
A11: Prazo de vinculação | C11: 3
A12: Convenção de datas | C12: Datas e horários são apresentados em UTC, sem conversão para o horário local.
A13: Período dos recebimentos | C13: 2025-03-01 00:00:00 UTC a 2025-03-30 00:00:00 UTC
A14: Recorte | C14: O conjunto analisado reúne sete recebimentos sintéticos e não representa uma população estatística.
A16: 3. Método e interpretação
A17: Regra de prazo | C17: Vínculo concluído em até 3 dias corridos é Dentro do prazo; acima de 3 dias é Fora do prazo. Sem data de vínculo, o recebimento permanece aberto.
A18: Pendências abertas | C18: Para concluídos, o tempo vai do recebimento ao vínculo. Para abertos, a idade vai do recebimento ao corte fixo. Aberto vencido não integra o denominador de concluídos.
A19: Cálculo | C19: Os intervalos são calculados em dias corridos. A mediana considera somente os vínculos concluídos e válidos.
A20: Interpretação | C20: O percentual de 40% corresponde a 2 vínculos fora do prazo entre 5 vínculos concluídos. As 2 pendências abertas são apresentadas separadamente.
A22: 4. Custos e limitações
A23: Custos fictícios | C23: O total estimado é de R$ 150,00: R$ 120,00 associados aos atrasos por premissa, R$ 30,00 não atribuídos e R$ 0,00 indeterminados.
A24: Limitações | C24: Os valores não comprovam causalidade, prejuízo real, multas, perdas ou ausência de documentos.

Sheet Pedidos
A1: Pedidos — base sintética
A2: A tabela reúne 12 pedidos. Situação operacional e aprovação são dimensões distintas. Campos vazios indicam apenas ausência de valor na base sintética.
A5: Código do pedido | B5: Fornecedor | C5: Obra | D5: Emissão (UTC) | E5: Valor do pedido (R$) | F5: Situação operacional | G5: Aprovação | H5: ID técnico do pedido | I5: Código da situação | J5: Código da aprovação | K5: Autorizado no cenário | L5: ID técnico da obra | M5: Itens (JSON) | N5: NFe (JSON sintético)
A6: SYN-PO-0001 | B6: Fornecedor Sintético 001 | C6: Obra Acadêmica Norte | D6: 45672 | E6: 1250 | F6: Pendente | G6: Aprovado | H6: SYN-ORD-0001 | I6: PENDING | J6: APPROVED | K6: TRUE | L6: SYN-W-001 | M6: []
A7: SYN-PO-0002 | B7: Fornecedor Sintético 002 | C7: Obra Acadêmica Centro | D7: 45708 | E7: 2780 | F7: Pendente | H7: SYN-ORD-0002 | I7: PENDING | K7: FALSE | L7: SYN-W-002 | M7: []
A8: SYN-PO-0003 | B8: Fornecedor Sintético 003 | C8: Obra Acadêmica Sul | D8: 45728 | E8: 4150 | F8: Pendente | H8: SYN-ORD-0003 | I8: PENDING | K8: FALSE | L8: SYN-W-003 | M8: []
A9: SYN-PO-0101 | B9: Fornecedor Sintético 004 | C9: Obra Acadêmica Norte | D9: 45685 | E9: 4320.5 | F9: Parcialmente entregue | G9: Aprovado | H9: SYN-ORD-0101 | I9: PARTIALLY_DELIVERED | J9: APPROVED | K9: TRUE | L9: SYN-W-001 | M9: []
A10: SYN-PO-0102 | B10: Fornecedor Sintético 005 | C10: Obra Acadêmica Centro | D10: 45702 | E10: 16875 | F10: Parcialmente entregue | G10: Aprovado | H10: SYN-ORD-0102 | I10: PARTIALLY_DELIVERED | J10: APPROVED | K10: TRUE | L10: SYN-W-002 | M10: []
A11: SYN-PO-0103 | B11: Fornecedor Sintético 006 | C11: Obra Acadêmica Leste | D11: 45721 | E11: 2890.75 | F11: Parcialmente entregue | G11: Aprovado | H11: SYN-ORD-0103 | I11: PARTIALLY_DELIVERED | J11: APPROVED | K11: TRUE | L11: SYN-W-004 | M11: []
A12: SYN-PO-0201 | B12: Fornecedor Sintético 007 | C12: Obra Acadêmica Norte | D12: 45666 | E12: 9250 | F12: Totalmente entregue | G12: Aprovado | H12: SYN-ORD-0201 | I12: FULLY_DELIVERED | J12: APPROVED | K12: TRUE | L12: SYN-W-001 | M12: []
A13: SYN-PO-0202 | B13: Fornecedor Sintético 008 | C13: Obra Acadêmica Sul | D13: 45691 | E13: 3140.25 | F13: Totalmente entregue | G13: Aprovado | H13: SYN-ORD-0202 | I13: FULLY_DELIVERED | J13: APPROVED | K13: TRUE | L13: SYN-W-003 | M13: []
A14: SYN-PO-0203 | B14: Fornecedor Sintético 009 | C14: Obra Acadêmica Leste | D14: 45734 | E14: 18760 | F14: Totalmente entregue | G14: Aprovado | H14: SYN-ORD-0203 | I14: FULLY_DELIVERED | J14: APPROVED | K14: TRUE | L14: SYN-W-004 | M14: []
A15: SYN-PO-0301 | B15: Fornecedor Sintético 010 | C15: Obra Acadêmica Centro | D15: 45679 | E15: 2100 | F15: Cancelado | G15: Aprovado | H15: SYN-ORD-0301 | I15: CANCELED | J15: APPROVED | K15: TRUE | L15: SYN-W-002 | M15: []
A16: SYN-PO-0302 | B16: Fornecedor Sintético 001 | C16: Obra Acadêmica Sul | D16: 45714 | E16: 5875 | F16: Cancelado | G16: Aprovado | H16: SYN-ORD-0302 | I16: CANCELED | J16: APPROVED | K16: TRUE | L16: SYN-W-003 | M16: []
A17: SYN-PO-0303 | B17: Fornecedor Sintético 002 | C17: Obra Acadêmica Norte | D17: 45741 | E17: 990 | F17: Cancelado | G17: Aprovado | H17: SYN-ORD-0303 | I17: CANCELED | J17: APPROVED | K17: TRUE | L17: SYN-W-001 | M17: []

Sheet Recebimentos
A1: Recebimentos — eventos analisados
A2: Dados sintéticos: nos concluídos, o tempo termina no vínculo; nos abertos, a idade é calculada até 01/04/2025, data de corte.
A5: Recebimento | B5: Código do pedido | C5: Obra | D5: Fornecedor | E5: Recebimento (UTC) | F5: Vínculo (UTC) | G5: Tempo / idade (dias) | H5: Classificação | I5: ID técnico do pedido | J5: ID técnico da obra | K5: Válido | L5: Vínculo concluído | M5: Fora do prazo | N5: Sem vínculo | O5: Aberto vencido | P5: Tempo elegível | Q5: Situação de validação | R5: Motivo de exclusão
A6: SYN-REC-0001 | B6: SYN-PO-0001 | C6: Obra Acadêmica Norte | D6: Fornecedor Sintético 001 | E6: 45717 | F6: 45719 | G6: =IF(E6="","",IF(F6="",'Leia-me'!$C$10-E6,F6-E6)) -> 2 | H6: =IF(F6="",IF(G6>'Leia-me'!$C$11,"Aberto vencido","Aberto no prazo"),IF(G6>'Leia-me'!$C$11,"Fora do prazo","Dentro do prazo")) -> Dentro do prazo | I6: SYN-ORD-0001 | J6: SYN-W-001 | K6: =--(Q6="valid") -> 1 | L6: =--AND(K6=1,F6<>"") -> 1 | M6: =--AND(K6=1,L6=1,G6>'Leia-me'!$C$11) -> 0 | N6: =--AND(K6=1,F6="") -> 0 | O6: =--AND(N6=1,G6>'Leia-me'!$C$11) -> 0 | P6: =IF(L6=1,G6,"") -> 2 | Q6: valid
A7: SYN-REC-0002 | B7: SYN-PO-0101 | C7: Obra Acadêmica Norte | D7: Fornecedor Sintético 004 | E7: 45726 | F7: 45730 | G7: =IF(E7="","",IF(F7="",'Leia-me'!$C$10-E7,F7-E7)) -> 4 | H7: =IF(F7="",IF(G7>'Leia-me'!$C$11,"Aberto vencido","Aberto no prazo"),IF(G7>'Leia-me'!$C$11,"Fora do prazo","Dentro do prazo")) -> Fora do prazo | I7: SYN-ORD-0101 | J7: SYN-W-001 | K7: =--(Q7="valid") -> 1 | L7: =--AND(K7=1,F7<>"") -> 1 | M7: =--AND(K7=1,L7=1,G7>'Leia-me'!$C$11) -> 1 | N7: =--AND(K7=1,F7="") -> 0 | O7: =--AND(N7=1,G7>'Leia-me'!$C$11) -> 0 | P7: =IF(L7=1,G7,"") -> 4 | Q7: valid
A8: SYN-REC-0003 | B8: SYN-PO-0101 | C8: Obra Acadêmica Norte | D8: Fornecedor Sintético 004 | E8: 45731 | F8: 45733 | G8: =IF(E8="","",IF(F8="",'Leia-me'!$C$10-E8,F8-E8)) -> 2 | H8: =IF(F8="",IF(G8>'Leia-me'!$C$11,"Aberto vencido","Aberto no prazo"),IF(G8>'Leia-me'!$C$11,"Fora do prazo","Dentro do prazo")) -> Dentro do prazo | I8: SYN-ORD-0101 | J8: SYN-W-001 | K8: =--(Q8="valid") -> 1 | L8: =--AND(K8=1,F8<>"") -> 1 | M8: =--AND(K8=1,L8=1,G8>'Leia-me'!$C$11) -> 0 | N8: =--AND(K8=1,F8="") -> 0 | O8: =--AND(N8=1,G8>'Leia-me'!$C$11) -> 0 | P8: =IF(L8=1,G8,"") -> 2 | Q8: valid
A9: SYN-REC-0004 | B9: SYN-PO-0002 | C9: Obra Acadêmica Centro | D9: Fornecedor Sintético 002 | E9: 45746 | G9: =IF(E9="","",IF(F9="",'Leia-me'!$C$10-E9,F9-E9)) -> 2 | H9: =IF(F9="",IF(G9>'Leia-me'!$C$11,"Aberto vencido","Aberto no prazo"),IF(G9>'Leia-me'!$C$11,"Fora do prazo","Dentro do prazo")) -> Aberto no prazo | I9: SYN-ORD-0002 | J9: SYN-W-002 | K9: =--(Q9="valid") -> 1 | L9: =--AND(K9=1,F9<>"") -> 0 | M9: =--AND(K9=1,L9=1,G9>'Leia-me'!$C$11) -> 0 | N9: =--AND(K9=1,F9="") -> 1 | O9: =--AND(N9=1,G9>'Leia-me'!$C$11) -> 0 | P9: =IF(L9=1,G9,"") | Q9: valid
A10: SYN-REC-0005 | B10: SYN-PO-0003 | C10: Obra Acadêmica Sul | D10: Fornecedor Sintético 003 | E10: 45736 | G10: =IF(E10="","",IF(F10="",'Leia-me'!$C$10-E10,F10-E10)) -> 12 | H10: =IF(F10="",IF(G10>'Leia-me'!$C$11,"Aberto vencido","Aberto no prazo"),IF(G10>'Leia-me'!$C$11,"Fora do prazo","Dentro do prazo")) -> Aberto vencido | I10: SYN-ORD-0003 | J10: SYN-W-003 | K10: =--(Q10="valid") -> 1 | L10: =--AND(K10=1,F10<>"") -> 0 | M10: =--AND(K10=1,L10=1,G10>'Leia-me'!$C$11) -> 0 | N10: =--AND(K10=1,F10="") -> 1 | O10: =--AND(N10=1,G10>'Leia-me'!$C$11) -> 1 | P10: =IF(L10=1,G10,"") | Q10: valid
A11: SYN-REC-0006 | B11: SYN-PO-0102 | C11: Obra Acadêmica Centro | D11: Fornecedor Sintético 005 | E11: 45741 | F11: 45744 | G11: =IF(E11="","",IF(F11="",'Leia-me'!$C$10-E11,F11-E11)) -> 3 | H11: =IF(F11="",IF(G11>'Leia-me'!$C$11,"Aberto vencido","Aberto no prazo"),IF(G11>'Leia-me'!$C$11,"Fora do prazo","Dentro do prazo")) -> Dentro do prazo | I11: SYN-ORD-0102 | J11: SYN-W-002 | K11: =--(Q11="valid") -> 1 | L11: =--AND(K11=1,F11<>"") -> 1 | M11: =--AND(K11=1,L11=1,G11>'Leia-me'!$C$11) -> 0 | N11: =--AND(K11=1,F11="") -> 0 | O11: =--AND(N11=1,G11>'Leia-me'!$C$11) -> 0 | P11: =IF(L11=1,G11,"") -> 3 | Q11: valid
A12: SYN-REC-0007 | B12: SYN-PO-0202 | C12: Obra Acadêmica Sul | D12: Fornecedor Sintético 008 | E12: 45721 | F12: 45725 | G12: =IF(E12="","",IF(F12="",'Leia-me'!$C$10-E12,F12-E12)) -> 4 | H12: =IF(F12="",IF(G12>'Leia-me'!$C$11,"Aberto vencido","Aberto no prazo"),IF(G12>'Leia-me'!$C$11,"Fora do prazo","Dentro do prazo")) -> Fora do prazo | I12: SYN-ORD-0202 | J12: SYN-W-003 | K12: =--(Q12="valid") -> 1 | L12: =--AND(K12=1,F12<>"") -> 1 | M12: =--AND(K12=1,L12=1,G12>'Leia-me'!$C$11) -> 1 | N12: =--AND(K12=1,F12="") -> 0 | O12: =--AND(N12=1,G12>'Leia-me'!$C$11) -> 0 | P12: =IF(L12=1,G12,"") -> 4 | Q12: valid

Sheet Indicadores
A1: Indicadores do MASP
A2: Síntese dos resultados calculados a partir dos sete eventos válidos.
A4: Vínculos concluídos
A5: Indicador | B5: Resultado | C5: Como interpretar
A6: Recebimentos válidos | B6: =SUM('Recebimentos'!$K$6:$K$12) -> 7 | C6: Todos os eventos válidos; inválidos e fora do recorte seriam excluídos.
A7: Vínculos concluídos | B7: =SUM('Recebimentos'!$L$6:$L$12) -> 5 | C7: Somente vínculos concluídos válidos.
A8: Concluídos fora do prazo | B8: =SUM('Recebimentos'!$M$6:$M$12) -> 2 | C8: Concluídos com tempo superior a 3 dias corridos.
A9: Percentual fora do prazo | B9: =IF(B7=0,0,B8/B7) -> 0.4 | C9: 2 vínculos fora do prazo ÷ 5 vínculos concluídos = 40%.
A10: Mediana do tempo de vinculação (dias) | B10: =IFERROR(MEDIAN('Recebimentos'!$P$6:$P$12),"") -> 3 | C10: Mediana calculada somente entre vínculos concluídos válidos.
A12: Pendências abertas — não integram o denominador dos concluídos
A13: Indicador | B13: Resultado | C13: Como interpretar
A14: Recebimentos sem vínculo | B14: =SUM('Recebimentos'!$N$6:$N$12) -> 2 | C14: Pendências abertas na data de corte; apresentadas separadamente.
A15: Abertos vencidos | B15: =SUM('Recebimentos'!$O$6:$O$12) -> 1 | C15: Abertos cuja idade no corte é superior a 3 dias.
A17: Observação
A18: Os dados são sintéticos. O percentual de 40% corresponde a dois vínculos fora do prazo entre cinco concluídos. As duas pendências abertas são apresentadas separadamente.

Sheet Pareto
A1: Pareto — vínculos concluídos fora do prazo
A2: Dados sintéticos: ocorrências por obra, percentual acumulado e referência de 80%.
A4: ID técnico da obra | B4: Obra | C4: Ocorrências | D4: % do total | E4: % acumulado | F4: Referência 80%
A5: SYN-W-001 | B5: Obra Acadêmica Norte | C5: =SUMIF('Recebimentos'!$J$6:$J$12,A5,'Recebimentos'!$M$6:$M$12) -> 1 | D5: =IFERROR(C5/SUM($C$5:$C$6),0) -> 0.5 | E5: =SUM($D$5:D5) -> 0.5 | F5: =80% -> 0.8
A6: SYN-W-003 | B6: Obra Acadêmica Sul | C6: =SUMIF('Recebimentos'!$J$6:$J$12,A6,'Recebimentos'!$M$6:$M$12) -> 1 | D6: =IFERROR(C6/SUM($C$5:$C$6),0) -> 0.5 | E6: =SUM($D$5:D6) -> 1 | F6: =80% -> 0.8
A25: Critério de análise
A26: Foram considerados recebimentos válidos e vinculados fora do prazo. As obras estão ordenadas pelo número de ocorrências e, em caso de empate, pelo código da obra. Cada recebimento é contado uma vez.
A29: Interpretação dos resultados
A30: Há duas ocorrências distribuídas igualmente entre duas obras, com 50% e 100% acumulados; a base não força concentração 80/20 e não permite inferir causas.

Sheet Custos
A1: Estimativa de custos das atividades adicionais
A2: Valores fictícios utilizados para análise acadêmica.
A4: Atividade adicional | B4: Recebimento | C4: Minutos | D4: Custo-hora (R$) | E4: Custo simulado (R$) | F4: Relação com o atraso | G4: Justificativa da premissa | H4: ID técnico do custo | I4: Código técnico da relação
A5: Busca adicional de documentos para conferência | B5: SYN-REC-0002 | C5: 45 | D5: 80 | E5: =ROUND(C5/60*D5,2) -> 60 | F5: Associado por premissa simulada | G5: Estimativa do tempo dedicado à busca e à conferência adicional de documentos. | H5: SYN-COST-0001 | I5: assumida_no_cenario
A6: Reenvio simulado de documentação | B6: SYN-REC-0005 | C6: 30 | D6: 120 | E6: =ROUND(C6/60*D6,2) -> 60 | F6: Associado por premissa simulada | G6: Estimativa do tempo dedicado ao reenvio da documentação. | H6: SYN-COST-0002 | I6: assumida_no_cenario
A7: Correção cadastral em documento | B7: SYN-REC-0006 | C7: 20 | D7: 90 | E7: =ROUND(C7/60*D7,2) -> 30 | F7: Não atribuído ao atraso | G7: Atividade registrada em recebimento dentro do prazo; custo não atribuído ao atraso. | H7: SYN-COST-0003 | I7: nao_atribuida
A9: Resumo dos custos
A10: Total registrado | E10: =ROUND(SUM(E5:E7),2) -> 150
A11: Associado por premissa simulada | E11: =ROUND(SUMIF(I5:I7,"assumida_no_cenario",E5:E7),2) -> 120
A12: Não atribuído ao atraso | E12: =ROUND(SUMIF(I5:I7,"nao_atribuida",E5:E7),2) -> 30
A13: Indeterminado | E13: =ROUND(SUMIF(I5:I7,"indeterminada",E5:E7),2) -> 0
A15: Método de cálculo
A16: O custo de cada atividade corresponde ao tempo empregado, em minutos, dividido por 60 e multiplicado pelo custo por hora. Os valores são arredondados para duas casas decimais por atividade antes da soma.
A19: Limitações da análise
A20: Tempos e valores são fictícios. A associação de R$ 120,00 aos atrasos foi estabelecida como premissa do estudo e não demonstra causalidade ou prejuízo real. Os R$ 30,00 restantes não foram atribuídos ao atraso.
